"File","ExistsInRoot","ExistsInImg"
"kiranomiya.png","False","False"
"noroburg.png","False","False"
"russet-skyline.png","False","False"
"san-maris.png","False","False"
"solmara.png","False","False"
"valparyn.png","False","False"
"nordhaven.png","False","False"
"nihon.png","False","False"
"FonKiranomiya.png","False","False"
"FonNoroburg.png","False","False"
"FonRussetSkyline.png","False","False"
"FonSanMaris.png","False","False"
"FonSolmara.png","False","False"
"FonValparyn.png","False","False"
"FonNordhaven.png","False","False"
"FonNihon.png","False","False"
